5.6783168846196,3.03240318067872,2.02814743666147,1,-0.0355734338856397,0.514073718330736,-0.910881439865758,1,1
0.602527963551175,-0.0316215420019016,0.619002220585015,0,-0.0925926291933251,-0.190498889707493,0.341512518624767,1,2
4.66729743120154,3.0454589915305,1.37832762179841,1,0.298470639676584,0.189163810899207,0.152306409701663,1,1
3.00657883830644,0.356318767682615,-0.611068036887797,1,-0.29216538486642,-0.805534018443899,-1.21957899922171,1,2
-3.59156893327815,0.275089753715994,-6.10440497647859,1,-0.364554735058708,-1.77610124411965,-0.754591086772451,2,2
-0.352510858410868,0.332641128155681,6.46212318715845,0,-1.92416096716308,1.36553079678961,-0.17287593597022,2,2
-2.00377033676236,-0.305242871694729,-3.29088508964933,0,-0.207322900036248,-1.07272127241233,1.47230658861785,2,2
1.20102356256482,0.765006241838146,-1.96126091198393,0,-1.56476736872851,-0.740315227995982,-0.488894552076308,2,2
5.11456711572221,0.0830724122278551,5.24727370521469,1,0.290409809963784,2.12363685260735,0.286052362481195,1,2
1.30590113216419,0.776695391018729,0.984395927086273,1,0.966077359148912,-0.00390101822843177,0.803968112556717,2,2
-0.823836176770573,-1.79511371023059,-2.01128300263256,0,-1.48216233406402,-0.75282075065814,1.21114514177976,2,2
0.230559993058491,0.20477921094102,1.00598178528541,0,-0.377213200020098,0.00149544632135176,-0.542873926283888,2,2
-5.93662561368821,0.462496106038458,-4.64276850858342,1,0.312114685985185,-1.41069212714586,1.48181462393734,2,2
6.6272245264595,3.69279672174059,2.31699911691107,1,0.920544688842024,0.329249779227768,0.752594339132061,2,1
2.57411752404904,0.0343963155411622,1.78093464596448,0,-0.10419039983072,0.390467322982238,-0.330129413046177,1,2
-1.46121035100081,-1.94220686778148,4.45287526509705,0,-1.09934336827767,0.863218816274262,-0.962204496558478,2,3
-3.5310207261148,-3.2033814960182,0.113452327694672,0,-0.365566352313932,-0.221636918076332,0.556346323262116,2,3
2.87283502030051,3.9519451372848,-0.92380095619445,1,-2.13667824805444,-0.961900478097225,-0.445525730489181,1,1
0.625378736314234,0.0206093493222248,-0.78383733903584,0,-0.0224036399957252,-0.89191866951792,-0.919910752277632,1,2
7.1085484346457,4.54495420763924,0.406537075453982,1,1.15263712791316,-0.148365731136505,1.34036477762639,2,1
5.16241892636933,0.0664420651897275,5.12977407744034,1,0.18773110981333,1.03244351936009,0.353921442513145,2,2
0.812544257116295,-2.14180856192688,-3.5812339659743,0,-1.13582727489978,-1.14530849149358,-0.755565090782704,2,3
4.12577981475375,2.27864528538529,-0.106845062901269,1,1.10107096537309,-0.553422531450635,-0.655139166593392,1,1
-0.727300442266178,0.266508234112362,4.5709308767167,0,0.609037571425247,0.892732719179175,0.437589151501261,2,2
-2.23576966025898,2.80922834760892,-6.04347234407884,1,-0.118515957285075,-1.76086808601971,1.60967060268692,2,1
-6.26917888785999,-2.98420092168201,1.45095936075126,0,-0.0120518270521632,0.225479680375628,-1.31092806506485,1,3
-3.18998494763499,-4.05471934160951,1.42120965359275,0,-1.36795279154937,0.210604826796375,0.771020277984093,1,3
2.78342423472189,-2.98698320678244,6.34233558235536,1,-0.0623133558598963,1.33558389558884,-0.208892508482816,2,3
3.75974801048953,2.81120878541169,1.62765804071337,1,-0.712294334555795,0.313829020356687,0.265046632311134,1,1
-3.84931684747102,-3.3745853482549,0.974354756769336,0,0.868868271618298,-0.00641131080766602,-0.431118686791517,2,3
4.63635969629293,2.99336820187624,0.286404232068203,1,-0.011073028125209,-0.356797883965899,0.59891459217586,1,1
-0.331733428664512,-0.430709388217832,0.0563753692438574,1,1.41221519084399,-0.235906157689036,-0.304988496802973,2,2
5.54716290825127,0.227689656222903,3.14762947175141,1,-2.19285597455743,1.0738147358757,-0.103832471837945,1,2
0.155526610854517,-1.9631431151746,-0.588394738328583,0,1.1495008587913,-0.794197369164291,0.90200618546353,1,3
-3.52223079791311,3.19812146293841,-4.871958860501,1,-0.141958987339528,-1.46798971512525,-1.39562465646894,2,1
-5.23448645862499,-4.17804071313218,1.03792991228525,0,-0.605845632044176,0.0189649561426259,1.94445688938512,1,3
3.20279159876837,-0.149541983852382,3.83949285685302,1,0.109648548873614,1.41974642842651,-1.36383003139195,1,2
-0.14687582519762,-1.93752348166037,-2.97933199603868,0,-1.43745074326394,-0.99483299900967,-0.73913942673759,2,3
2.02944640388645,0.196829626970041,0.825363000036267,1,0.194952390534463,-0.0873184999818663,1.00962920449671,1,2
0.976609803886723,2.00280480937475,2.04216660756563,1,1.14908338025002,0.521083303782817,-0.86781795626378,1,1
3.68662457402453,4.35129341251359,0.318138333466918,1,-0.556143823751968,-0.340930833266541,-2.42975531652447,1,1
1.59240665111035,3.09664606682929,-0.747953780833175,1,-0.287051325312867,-0.873976890416587,-0.33668566666241,1,1
-0.87353501916839,0.270395392675109,1.39463047244323,0,0.664490426350258,0.197315236221614,0.406921427236005,1,2
-2.79041675207021,-3.17328714362685,0.870023816256132,0,0.360956669721861,-0.032494045935967,-0.480077411397832,2,3
-0.811258316807566,-2.78812028519236,-2.33546004149371,0,-0.185343701738669,-0.833865010373426,-1.14317191693079,2,3
-3.71387289880194,-0.158477276433586,-2.72037614006087,1,0.481855383925407,-0.930094035015216,-0.328889707825946,2,2
1.95722956290431,0.0659985367097991,1.74194597124028,1,1.83223577065079,0.37097298562014,0.0360207664138972,1,2
3.11631533419662,0.323075140348835,1.57109305336238,1,-0.438446601868144,0.285546526681191,-0.736863141309041,1,2
2.17938341682068,0.578065632116331,-0.681050044466447,1,-1.39811618123374,-0.420262511116612,-0.413460368941748,2,2
7.37664257824217,4.02776420544224,5.11607174211571,1,-1.55605258396449,1.02901793552893,-0.660494520579578,2,1
-4.46576116887591,-4.16941369326448,9.42821006353548,0,2.70154612666648,2.10705251588387,-1.54334351433386,2,2
-0.680001041742477,1.88212933197786,-0.972764894497757,0,1.08339738311391,-0.986382447248878,1.7372474415327,1,2
5.64155275287969,3.03378766866573,2.17569649831383,1,-0.215209740669447,0.587848249156914,-0.15699878899824,1,1
2.61204536198788,2.5391848017357,-0.464425161120021,1,-0.943832203451738,-0.366106290280005,0.488238477749573,2,1
-0.682569455611109,-0.877128984402903,0.301242374155077,1,-2.55566417313466,-0.349378812922461,1.51707294923941,1,1
3.14560023758083,3.22493822484489,9.16558901104916,0,-0.338734781248483,2.04139725276229,-0.664054113415296,2,1
-0.438071143628003,-0.0691107112871577,5.49042780027483,0,0.742593712753377,1.12260695006871,-0.0930666528685115,2,2
0.605384769860411,-1.18388713220741,1.81106380697794,1,0.869290297749608,0.405531903488971,-1.36190077730331,1,2
0.726755580845726,0.917733297942189,0.160221029045235,1,-1.1130030344039,-0.419889485477383,1.87085447001771,1,1
3.38872996697668,-0.764678124017294,3.13180969650084,1,3.28988456725747,1.06590484825042,-0.23243311684177,1,2
0.25309500540353,-0.0231749253518875,-1.25884779801036,1,-0.043689278707761,-1.12942389900518,0.530448797447659,1,2
9.95651106362324,-0.0892572435468519,7.01395421505418,1,-0.0917159997018393,1.50348855376354,0.973191633270306,2,2
3.58545100171182,2.70410352082609,1.10370955267748,1,0.336927192496983,0.0518547763387376,-0.878220831571958,1,1
-2.27093845280963,-2.78487877895585,-2.07939140717127,0,0.723602836192712,-0.769847851792818,0.297291843376438,2,3
9.1187752122657,3.37873184192078,3.67330873135492,1,-0.676803933949976,0.668327182838731,-0.559588712362266,2,1
9.17367296230263,3.88473927864422,6.24221110761572,1,-0.793301509424148,1.31055277690393,-1.11526231594648,2,1
2.17123369382194,0.722131629028756,0.898052952269416,1,1.47122252329174,-0.0254867619326459,2.52995829665577,2,3
4.72806212438376,3.18217050505575,1.53846941990599,1,1.0103818460341,0.269234709952994,0.180298672002868,1,1
-5.66543323764447,-1.87718191414903,1.13953212353152,0,2.37219334199411,0.0697660617657607,0.473324861837403,1,3
-2.37757783379408,0.117914456923682,-2.15786026241655,1,-1.23683540677837,-0.789465065604137,-0.0953356091501446,2,2
1.29571054168675,0.660080737798404,1.54013564589369,1,0.822913859031736,0.135033911473422,0.802126164912418,2,2
-6.92913325426697,-6.75320362731906,-3.40494460289538,1,2.69345162635802,-1.10123615072385,-1.39345499677453,2,3
-6.55592402060124,-4.97289347270321,1.6425823630632,0,-1.2269082675841,0.321291181531599,1.60802035883907,1,3
-0.0662174181431752,-3.23174522146666,-9.01956255111641,0,-0.820875453390483,-2.5048906377791,0.282314717183313,2,3
1.32119110099666,0.518582495250913,-0.478349143588438,1,-0.518877346774623,-0.369587285897109,-0.999431751018729,2,2
2.0978361308342,3.60000330350562,-2.61344343332904,0,0.870241905003057,-1.80672171666452,0.689467261983339,1,1
3.55016526693727,-0.0495595085071341,3.75572245484954,1,0.0641435009549919,0.688930613712384,-0.772634916542971,2,2
-0.265226507456791,0.0315485633225774,-3.08454304038714,0,-0.305317023438316,-1.02113576009678,-0.103330508621152,2,2
-3.85730625210395,-3.06091085958249,2.07448874507093,0,0.220318246691675,0.537244372535465,-0.276467612179821,1,3
1.44121549874706,-0.335071007735597,-1.4748401098088,0,0.262993598662035,-1.2374200549044,-1.27406526029627,1,2
1.36904104588439,-2.64075889826734,4.30761387453307,0,-1.56682576565776,0.826903468633268,-0.229279546971103,2,3
-6.71779371682297,-4.98127796513983,1.83397395681656,0,1.24133974307903,0.416986978408282,-1.5960803447938,1,3
11.4833282015077,2.91351489092203,9.90330859984536,1,-0.58418596325266,2.22582714996134,0.148043798581598,2,1
-4.95597085528966,-4.7836254620394,-1.01960173586748,0,-1.4359069184931,-1.00980086793374,1.24215952933161,1,3
5.38331267085132,3.61222759882884,0.0651136563100818,1,-0.746436184964,-0.467443171844959,-0.820200857302184,1,1
-3.57106876911301,-3.45827887015052,3.54118521608883,0,0.528105671095855,0.635296304022207,-0.867778732994016,2,3
-0.0128302893074226,-3.01810556670226,0.41825121326499,0,-0.0316663448642162,-0.145437196683752,0.57176054830123,2,3
-5.63944959244142,2.35867694117594,-5.56395990190958,1,-0.516881420097565,-1.6409899754774,1.24075471450106,2,1
-2.21435854290283,1.95657887228394,-3.97859148517492,1,0.53768670476453,-1.24464787129373,-1.94057453619392,2,1
0.768131786251524,-0.236613944540622,-1.43422748821312,1,0.536249438849372,-1.21711374410656,-0.441238586744861,1,2
-1.13255645088728,-2.50639120189518,-0.66189516772731,0,2.85460916840225,-0.415473791931828,-0.878015536991365,2,2
2.70919453059995,0.703408147272226,6.92041095019223,0,0.644615310633731,1.48010273754806,1.09120608162517,2,2
0.963418571274285,-0.0296705781409302,0.231123920140797,1,0.110711433874585,-0.384438039929601,-0.267999221964205,1,2
-0.233294533822892,0.325841501531875,-1.03340140468748,1,0.393614654838238,-1.01670070234374,0.827818521304257,1,2
-1.47516528336839,-0.022207703334683,2.51962018487628,0,0.400532890743353,0.379905046219069,-0.0554453924956513,2,2
6.51155522878442,2.13930577873647,2.8945200154814,1,-1.58168983343688,0.947260007740702,-1.35254443286642,1,2
4.23195494327097,0.215884739674251,6.42430870326704,1,0.262254574837375,1.35607717581676,0.823187697709837,2,2
3.04864474626977,0.992707809786581,1.86581859459245,1,-0.820465102319024,0.432909297296225,-1.20993300870533,1,2
2.32512433566437,1.52984285051061,2.39112574586519,1,-1.35722720198016,0.695562872932594,1.08320636909168,1,1
-2.89412065979829,-3.5883608034935,-1.38422298933509,0,-0.535665675462323,-0.596055747333772,1.09837316528765,2,3
-0.706310783744592,-0.718938833525613,1.5804227111087,0,-0.885542552106314,0.290211355554351,0.811862548914872,1,2
8.3576477570343,0.0653612321850413,7.64969033017924,1,0.0631615488121253,1.66242258254481,1.03482630515377,2,2
2.13032484497616,1.35849509119864,-0.52776453059515,1,-1.38390459419783,-0.381941132648788,-0.981639266821049,2,2
0.830158326842018,2.90006215551818,-2.43407012262411,1,-0.175331968109519,-0.858517530656027,0.569992144384022,2,1
0.563347713498796,0.28133901899502,1.66239425779838,0,0.324751413801296,0.331197128899189,0.866321152237266,1,2
-3.82151412663346,3.23065666085031,-3.12146271201467,1,-0.192997723336502,-1.03036567800367,-1.19512633031506,2,1
-2.63762283505557,-2.47689930344052,0.929329635108784,0,-1.57960175292118,-0.0353351824456082,1.56805302276979,1,2
-1.88741995633533,-2.26982251380108,1.98985504280191,0,-1.7746069953788,0.247463760700477,-0.411458699362934,2,3
-0.385355726322675,1.77370098095631,0.0725039663563305,1,-2.52707312294593,-0.463748016821835,0.485264556814304,1,1
2.87170771318903,0.308195519731263,-1.07932139866909,0,1.24231957346329,-1.03966069933455,-2.16675687783348,1,1
0.944133887110429,-0.0578825706542622,-1.57301828677171,0,0.224693907453949,-0.643254571692927,-0.257606320127417,2,2
4.16528869747905,-0.0673118260229956,-5.96584357920886,0,0.109192635476575,-1.74146089480221,-0.616450237044019,2,2
-2.19897603703995,-4.66437820436932,-3.54771775748498,0,1.07308023277368,-1.13692943937125,-1.55102866825463,2,3
6.02862541789951,1.94841338317928,0.560690931790911,1,-1.30733025584187,-0.219654534104544,-1.49037580555693,1,2
2.42359805552382,3.10147460914286,0.265187041384333,1,0.571144675140484,-0.367406479307833,0.177668835164922,1,1
2.78960313470509,-0.56208304737108,0.760964021752721,1,0.850598324801283,-0.119517989123639,-0.660809022287216,1,2
3.13000074668942,0.930604128576689,0.573850374061049,1,1.08228723899456,-0.106537406484738,0.859849488238645,2,2
-3.404026365371,3.31640087774281,-3.91086629814185,1,0.710053316602906,-2.45543314907092,0.445601577155582,1,1
1.18832786934958,-3.23517622499267,-3.35156628349186,0,-1.45254457922878,-2.17578314174593,0.161906373377906,1,3
1.61018162786817,-0.106297808307789,0.225257664788168,0,-0.0991989260065399,-0.387371167605916,1.07156208829097,1,2
-2.41648870392484,0.379090640497947,-6.84353960777342,0,0.682254027147471,-1.96088490194335,0.55564441602923,2,2
1.29202986217573,2.96036599010971,1.27212743047075,0,0.204204301266287,0.136063715235373,-0.194089985590513,1,1
1.86748343202293,0.761836407090129,1.11978445887721,1,0.576664487720014,0.0299461147193036,1.32110858794555,2,2
2.01292698182213,2.88414288777797,2.64078215167656,0,1.38190800979454,0.820391075838281,-0.0838385126946749,1,1
1.05308762681935,0.286806259658018,-0.742122728998478,0,0.484188145334806,-0.435530682249619,0.592344654493135,2,2
4.19808970247004,3.59867871694905,-0.0359712613841534,1,0.41307868607605,-0.517985630692077,1.44930914406664,1,1
-5.32704018341267,-3.27290871752451,0.0461496540254388,0,-0.289659028464353,-0.476925172987281,0.942172315399077,1,3
-0.114167134496517,-1.22803330736427,1.90820699515386,0,1.34799082112503,0.454103497576932,1.3145243015504,1,3
11.4446822656189,5.51359054527691,7.27975184715336,1,-1.30576009990308,1.56993796178834,-1.92500180198757,2,1
-7.60156015577779,0.0872452157917851,-5.41876464231473,1,-0.169568265713795,-1.60469116057868,-0.514513817927709,2,2
-2.92807690550517,0.879772684047439,-0.989939405943671,1,0.762188866861844,-0.497484851485918,1.15427123420173,2,2
-3.42204384592297,-2.81610389509738,-2.7521122533522,0,0.656061863018603,-0.938028063338051,0.280302994684823,2,3
7.12924385585401,5.18276921139489,2.92501704714978,1,1.21318466790575,0.481254261787444,1.79920606412121,2,1
-1.07215021245717,-2.94593957314372,1.3662615265261,1,-0.202921396272893,0.0915653816315251,-0.266410678465734,2,3
1.45018757835469,1.80453083260377,-1.10025469837232,1,-0.716904226652776,-1.05012734918616,1.66754375682492,1,1
6.19969614007679,-0.223957125709318,3.68818947723505,1,-0.510885912218024,0.672047369308763,0.438370133826949,2,2
-4.34373588331678,-3.28243747303037,3.3710024555375,0,-1.03250489903446,0.592750613884376,0.273545891447581,2,3
-3.97186946628792,-2.49124073432444,2.64912266438577,0,0.366642503687841,0.412280666096443,1.38761671262401,2,3
4.46794883476747,0.154559638798566,1.04208338213141,1,-0.418442084358199,0.0105208455328528,-0.369369249834484,2,2
4.88561851474167,2.65268342840621,-1.63464055907395,0,-0.638361990325739,-0.658660139768487,0.544074642377376,2,1
5.28975045798452,3.99490917554872,1.47837934690075,1,1.35081302126835,0.239189673450374,0.736526195619986,1,1
5.79478839352498,2.51719899704418,1.94536689951382,1,-0.396525101925739,0.472683449756911,1.21757992271127,1,1
-4.19470015953582,-2.88685354032138,0.225657554739257,0,-1.30257580192452,-0.387171222630372,-0.0868636278299116,1,3
0.0929185991809614,0.0753977728789951,-0.174364762544697,0,0.145148454439822,-0.587182381272348,0.519452812432492,1,2
3.40682562844994,-0.138674977183832,1.85773107711524,0,-0.480789340080395,0.428865538557621,0.288431888195865,1,2
-4.89712037083339,-3.44547561118037,3.80915067583046,0,0.887619672475234,1.40457533791523,-0.501876676457729,1,3
4.930616895462,3.52069464275984,2.38748169204788,1,-0.818395977041048,0.693740846023941,-0.636238028249398,1,1
-1.89842310762126,-3.14310752687897,2.31701386598527,0,0.387539410635743,0.658506932992637,-0.36927219000568,1,3
-3.38984774517643,2.31665726034776,-3.65096915815459,1,2.07869463298095,-1.16274228953865,-0.328736471827176,2,1
-1.85860751268212,-0.470133869796423,0.0242064952434377,0,1.43397226951555,-0.487896752378281,1.7642364388666,1,3
-6.17374196116648,-3.12301988852132,1.44890967643703,0,0.088496281655258,0.224454838218516,-1.39011364342458,1,3
-1.82698031663088,-2.75598812799786,-5.72628655640347,0,-0.172319527311955,-1.68157163910087,-1.41604306725147,2,3
4.25048709352511,0.625820882908515,4.28836119963555,1,-0.710309886810638,0.822090299908887,-0.88105331845867,2,2
-6.25478383436837,-1.97488856219911,4.28798671870796,0,-0.781206560473892,1.64399335935398,2.52799792285553,1,2
-0.0941475288027406,-0.792056254794784,1.59806295307271,1,-0.682315750869443,0.149515738268177,1.16083536659604,2,2
1.29929086301214,0.119965047917325,-2.30234699642568,0,-0.592822597392466,-1.65117349821284,-0.202362474785867,1,2
-0.85707204960167,-0.249974211403476,2.77074412995431,0,-0.229501992290202,0.442686032488577,1.08920279475128,2,2
-0.199271571434593,4.88746055923583,-1.66784080088755,1,1.08767404481075,-1.33392040044378,1.73531819412336,1,1
-2.98474217452383,-3.17996912640557,-2.47056867977306,0,0.324628557817846,-1.73528433988653,-0.554384763975549,1,3
-0.15567961979578,-0.690712477918973,1.98651276438827,0,-0.724835891896246,0.246628191097067,0.952922565840384,2,2
3.1173936987723,-0.0902643306155601,1.68595401832039,1,0.426356139288898,0.171488504580098,-0.211711107915811,2,2
-1.15025441588789,-2.99418784758757,0.582740766583575,0,0.289388944447337,-0.208629616708212,0.0200842241003095,1,3
0.144329195946508,4.55967618212186,-4.20815008329575,1,0.877089258208046,-2.60407504164787,1.77824111688289,1,1
2.65126975754807,1.14078571607639,-2.53949070696315,0,1.1344750178325,-1.76974535348158,1.00556265950743,1,2
-1.65695733155397,-2.86072708230858,1.13511487548675,0,-0.607692573810053,0.0675574377433746,-0.229183181914208,1,3
-3.26793228407401,-3.3962932941037,1.5207828364792,0,0.981357204549649,0.130195709119799,-0.403821658684983,2,3
-0.608334774463939,0.066188911852011,1.67325458563074,1,0.133154027819242,0.336627292815371,0.497085314924632,1,2
-5.28110169905608,-0.674154833168316,-4.43870538668798,1,0.540869645413079,-1.359676346672,-1.2464275614015,2,2
1.52274465779229,-3.13175172061105,2.97530846322258,1,-0.166882717953833,0.987654231611288,0.789486905693267,1,3
3.86880209704016,2.85921121973165,2.07523068844831,1,0.110398882746824,0.537615344224155,-1.27527359666514,1,1
0.453805211266555,2.61590126784513,-2.22087001628631,1,0.321838298792283,-1.61043500814316,-1.19345253065352,1,1
-6.35882525137993,-4.62435800470795,-4.16613348837299,0,1.77017268987819,-1.29153337209325,-0.917626858665258,2,3
-2.77626121368907,-2.94186241895182,1.46402679188969,0,0.0704911805388529,0.232013395944843,0.824749714840332,1,3
1.10554924150025,1.83974157376858,3.73956750977864,0,2.3830168474407,1.36978375488932,-0.486886371566154,1,1
0.379431204490007,1.9280330012082,-0.35539235563707,1,0.646663479812251,-0.338848088909267,-1.65768909526641,2,1
-1.85387052360219,-2.6739983109214,0.478109545955735,0,0.58170984073808,-0.260945227022132,0.560419759557383,1,3
-3.83549200122029,0.11216689391062,-5.07156924978023,1,0.670436860258931,-1.51789231244506,0.167304187104658,2,2
2.96564028045083,0.319098997382644,-2.45063046173877,0,-1.58939295661283,-0.862657615434693,-0.200767844135083,2,2
-0.660394092588963,-1.96415851215882,-0.0932620908396296,0,-1.33234820658006,-0.546631045419815,-0.777455535066187,1,3
-3.27838649727418,-2.76607741429372,0.494668624564578,0,0.252202350982651,-0.252665687717711,0.927519449342391,1,3
7.56917794406129,2.8762788885083,2.3754530438604,1,0.476658265343525,0.687726521930202,-0.259559354126651,1,1
-1.25131251857806,-0.0771516963209999,1.62775946189379,0,0.0696301795308621,0.313879730946896,-1.10802093059094,1,2
-8.90497767331481,0.0129267466403488,-3.33266154561445,1,0.149463020876366,-2.16633077280723,0.0864879256725425,1,2
3.14160147300248,-0.0298421232092786,1.16409539169836,0,0.105702404621877,0.0820476958491782,-0.282322084497804,1,2
-3.08468538681849,-3.13739822714631,5.874287833521,0,-0.36609997022311,1.21857195838025,0.375302481075244,2,3
-3.46405824757963,-4.32230610489902,2.25241070442548,0,1.7354594541124,0.62620535221274,-0.761934311842111,1,3
4.26761261441692,0.0967658614029615,3.23435693110832,1,-0.310348046905261,0.558589232777081,-0.311797874573062,2,2
6.76682836790408,2.87302089868609,3.30964528733283,1,0.203776481046194,0.577411321833208,-0.623129326122383,2,1
-4.37045478800634,-3.05030143027683,-0.722718112914888,0,0.625069921727553,-0.861359056457444,-0.0804732855131035,1,3
-0.282212651968112,-0.465282033676512,3.16365918347204,0,1.34001046658846,0.540914795868011,1.89156579707668,2,3
-0.00750438886591276,-0.0276209224421686,-0.531368874015755,1,-0.602483024060522,-0.382842218503939,0.0458451464009946,2,2
1.43218385548935,3.18813136198644,-0.916792053928638,0,-1.07281341529164,-0.958396026964319,-0.175362611340288,1,1
1.90904405834069,-0.347395917603206,1.62618619554934,1,0.297217479206864,0.156546548887334,-1.16882734666294,2,2
-0.654102845176134,0.000528607436801589,-0.735937463756949,1,0.000657099143122486,-0.433984365939237,0.804456134716119,2,2
5.9081384030873,3.81320981953257,1.45926189420405,1,-0.69208903709522,0.229630947102025,-1.17500751485056,1,1
0.0415217811990953,-0.428896451038815,0.937169840105562,1,-0.572178793920968,-0.0157075399736095,0.74958466758217,2,2
-1.20924801588309,-0.478794200027676,1.18880575625939,1,0.862440083310034,0.0944028781296975,-0.5551622765376,1,2
-3.733690687351,-3.00103676214667,-1.1971539483385,0,0.036044128918854,-0.549288487084624,-0.0287636898927064,2,3
5.22471491949931,0.525278626832832,4.31105326342323,1,-2.02835860372397,1.65552663171161,1.2200610723487,1,1
-2.01121295370074,0.695334543342635,-0.296031915441298,1,-0.483751756884017,-0.324007978860325,-1.43737884865056,2,2
7.11762676098935,0.796737127286703,5.13926402686393,1,-0.807648913411892,1.03481600671598,-0.986489443687738,2,2
0.396175686341429,2.60280676777485,-0.23650933982652,1,-0.661347526191153,-0.61825466991326,0.600581716110247,1,1
-4.1124694762274,-0.66435191894061,0.115495299643356,1,1.10939583565419,-0.221126175089161,-0.598841186877948,2,2
7.20828555180643,3.1097485876315,4.12398737638873,1,0.197640031095137,0.780996844097184,0.555295336796794,2,1
5.52647181541285,2.20922014196113,0.541087783137898,1,-1.3495204295584,-0.114728054215525,-1.63704090251087,2,2
-2.50745644574992,-2.72224458799677,1.61549322668087,0,0.963613539057818,0.307746613340437,0.288243575608965,1,3
-0.56973645069389,-0.398850071120182,4.18565677019735,0,0.408272000783737,1.59282838509868,-0.976922420235853,1,2
-3.37298033857839,-2.08035884512314,4.5024213179806,0,1.54294186200957,0.875605329495151,-1.34830669667205,2,2
-1.81496403342016,-3.45446378425019,-1.03284468640079,0,0.845153443179086,-0.508211171600199,-0.53772931757895,2,3
3.13302636535898,0.48309965006047,1.96816234210367,1,1.05257437342705,0.242040585525918,0.458969610373052,2,2
-1.04182341786884,3.11809101193092,2.21758442504875,0,0.0729733247192642,0.608792212524376,1.61827643711214,1,1
-1.1788682227008,-0.723159949308655,1.75230814672583,0,0.618556060989776,0.376154073362915,-1.16910979443237,1,2
5.83477523863883,3.13051590318784,-2.426906468245,0,-1.09359658714296,-1.7134532341225,-0.119345565560712,1,1
4.49035227845174,2.8960317196835,0.131205222037099,0,0.304345459426067,-0.434397388981451,-0.341612720336165,1,1
-1.91931341419315,-4.3673742222691,4.2040563072686,0,-0.842037487030052,0.801014076817149,1.62388758615957,2,3
-2.08036602108454,-2.77217947647452,5.75386790398245,0,1.00860566711184,1.18846697599561,0.225876703804219,2,3
8.01726215631199,4.31905913789058,1.66253387978821,1,1.00729698845102,0.165633469947053,1.3095037044824,2,1
5.9505250174715,0.178033511523326,4.37516498547267,1,-0.413002189763918,1.68758249273634,-0.431071592199292,1,2
3.14166823352355,3.27659353294932,1.44185996129651,1,0.335694566859946,0.220929980648255,0.823944026072718,1,1
-1.81357267453067,-3.52982518960548,0.675103671126232,0,-0.496919953901327,-0.162448164436884,1.0662183827512,1,3
2.55952905225746,2.82991665553146,-2.53471743694261,0,0.312765245446721,-0.883679359235653,-0.543805128429826,2,1
5.60741641927905,3.05466554283085,1.64767279467414,1,-0.724800999792364,0.323836397337068,-0.0754214506416344,1,1
4.57935393659199,4.86734799836254,0.939757250709217,1,1.03130976355403,-0.0301213746453915,1.81065676322836,1,1
8.473189302647,0.624722427197432,3.85188871191572,1,1.38659737368708,0.71297217797893,0.450543495215371,2,2
-5.58883744464494,-2.99436943216899,2.55556926806526,0,0.866752146272036,0.777784634032631,0.00649616831666513,1,3
-3.46216094397217,-2.76834883907395,2.05769964991067,0,1.16069526459056,0.264424912477667,0.199579655395395,2,3
-0.0937713835219918,3.41831770818995,-3.23832085575474,1,0.423772167850346,-1.05958021393868,0.987128792133604,2,1
-5.5079941403246,-2.84816007776112,-0.525574061619148,0,-0.37164412871845,-0.762787030809574,-0.408562682699903,1,3
-2.06689840980677,1.28074539349717,-3.39374223313519,1,0.933370926737873,-1.0984355582838,1.37217193808829,2,2
0.0683335284314974,-3.07974941052077,1.43387933410085,1,-0.573817913533821,0.216939667050425,0.13898034313645,1,3
-1.94020159034075,-1.09686751980753,0.854473987276123,0,1.02862032492883,-0.0727630063619386,-1.06634828539231,1,2
4.27163100033106,3.473901902538,1.16147187605978,1,-1.53613640450875,0.0807359380298907,-0.308502487895633,1,1
-2.13946683829214,-3.11580099983561,6.49923399358299,0,0.644444713414918,1.37480849839575,-0.179691131644139,2,3
-4.75045354647419,-3.75246522965543,-1.25836975922881,0,-1.27815692902022,-0.564592439807203,0.588711145377306,2,3
5.18870817097747,-0.182700703318636,0.410611867137381,1,0.590866684161712,-0.29469406643131,-0.309207996009863,1,2
6.68526588086272,3.89696679439891,1.65689653040147,1,0.71725208258456,0.328448265200733,1.25056004182903,1,1
1.98027083398589,2.99675568266818,1.88058406106664,0,0.0265304063520577,0.220146015266661,-0.122286756138256,2,1
-3.57388809630543,-2.49825042603325,-6.00007426443693,0,-2.15055610278374,-1.75001856610923,-0.233311548262922,2,3
0.326782261590635,0.118068421013984,0.12872770690229,1,-0.975595082595564,-0.435636146548855,-0.121021951750581,1,2
-3.63730121946092,-1.26901404066677,2.3111079785026,0,-0.80436884860637,0.655553989251302,-2.15198035370502,1,3
-1.43898724255789,-2.95610460902729,2.07604344880869,1,0.994185742728486,0.269010862202173,0.0441521026566321,2,3
15.4773591193985,8.58902388838275,5.07866226013405,1,-2.88399778347092,2.03933113006703,-1.93794319829758,1,1
0.769014401257882,0.0640549169464856,0.766763459659266,0,0.127599977049666,-0.116618270170367,0.501997872002385,1,2
7.42601178028029,0.312757053853894,6.00987289949225,1,-0.230052760098836,1.25246822487306,-1.3595014192376,2,2
3.91467881158568,2.90366246051116,0.737923569515148,1,0.93009386727674,-0.131038215242426,-0.103578297716243,1,1
-3.61685445341843,-2.97217514922069,0.850569464047062,0,0.0356805013422384,-0.0373576339882346,0.779833515017651,2,3
6.35014363089992,-0.0420688790238493,4.19315105290246,1,-0.0554446102019912,0.798287763225615,0.758755068717905,2,2
4.56273803630273,4.48193003852066,-1.31870674700261,1,-0.873052688208231,-1.1593533735013,-1.69741191858881,1,1
-2.98195063317778,-0.421428282625337,3.92744558239299,0,-1.79300064540604,1.46372279119649,0.235040786909422,1,2
0.0471040413687432,4.09749181992656,-4.9873505602537,1,-0.36322488734005,-1.49683764006343,-3.02152153714922,2,1
6.60013663911584,0.276123543998358,3.07897866127632,1,-0.394573780063856,1.03948933063816,-0.69980205971535,1,2
0.149718343483776,0.0512738723042027,-0.235668794199316,0,-0.867850205385233,-0.308917198549829,-0.0590814774093907,2,2
6.18151336476801,2.48589903035084,2.71880985745747,1,-0.544375773595931,0.859404928728733,0.94438620266514,1,1
-3.56062315986041,-2.34515288660949,-1.98351081674779,0,0.46691134276216,-0.745877704186947,1.40250847091562,2,3
3.33465742331734,0.932586747988147,2.02660027348018,1,-0.809629581927918,0.513300136740092,-1.15186842082454,1,2
-1.05193514673111,0.169509673496493,-1.3506967972812,0,-0.239508254181221,-0.587674199320299,-0.707740424546018,2,2
-1.0773515113106,-0.140924100471579,-1.23811260960588,0,0.431023066789537,-0.559528152401471,-0.326952572448729,2,2
0.279713241779947,0.0545619888657245,1.39846100430571,0,0.263658611596133,0.199230502152854,0.206941804538141,1,2
0.0996032727931801,0.00918533392801574,0.000164918335015529,1,-0.0517535463635423,-0.499917540832492,-0.177482212783902,1,2
-1.24675031744948,-0.814200893779286,-1.94691752031979,0,0.932701668762649,-1.4734587601599,-0.872948897860802,1,2
-4.73705498883988,0.984572248177355,-2.67349057768962,1,-0.589280859031302,-0.918372644422405,-1.67080303574743,2,2
0.0155875683015271,-0.0572118701355506,1.31972085519197,0,-0.302428455106156,0.0799302137979918,0.189174891348992,2,2
-2.50413136609275,2.94191758421074,-2.235169017047,1,-0.127801217493749,-0.80879225426175,0.454474667208058,2,1
1.51950619034125,3.34142081204032,-1.75581831807842,1,0.395082043201539,-1.37790915903921,0.864176992893993,1,1
0.414930028229238,0.0392549290672499,0.2268776761517,0,0.0297858523409102,-0.38656116192415,1.31790517920933,1,2
1.04875546421186,-1.45891080979076,1.90162277786452,0,-1.52662402099091,0.225405694466129,0.955645129207256,2,2
2.00395270012514,1.27974163110036,1.84387022195925,1,1.15303235390741,0.421935110979623,-1.49194284364181,1,1
-1.1476010072889,-0.113540573622618,-0.396788412920379,0,0.442748887373825,-0.69839420646019,-0.256444627780063,1,2
-5.8227067564313,-4.6657601993741,1.55238458580682,0,-1.89869497535428,0.138096146451705,0.877318485062763,2,3
3.9151502652355,3.18610942437878,1.62013040433575,1,1.20289433343855,0.155032601083938,0.154718015710306,2,1
1.78422293725602,4.58420595035324,-2.4472162844732,0,1.61815616333317,-1.7236081422366,0.979019198672392,1,1
-0.534062845212891,-0.143902589180226,0.136571910349395,0,-0.133300887608765,-0.431714044825302,1.07953211536428,1,2
-2.97282284763953,1.86408265663283,-1.86450555203568,1,-2.07158763305639,-0.71612638800892,0.548331784396327,2,1
-1.19620079160154,-1.78492575366634,4.89811303800341,0,0.841528498301137,1.9490565190017,1.4438895994451,1,3
-1.89238405556932,-3.14927769029485,0.139437351507431,0,0.0671218341386727,-0.430281324246284,-2.2239810966197,1,3
0.409025137037029,-0.529892072390983,0.561674784623892,1,-1.22370675827931,-0.109581303844027,0.433022101746074,2,2
-6.16676879284318,-2.03456015667615,4.57194965052189,0,-0.578588283637813,0.892987412630472,-1.66861284721106,2,3
0.390155580753331,-0.339807914909006,-0.50492620278953,1,-0.938555272984098,-0.752463101394765,0.362054238775518,1,2
-3.61159242574214,-1.79528816462798,-1.34836798976679,1,0.748946991828188,-1.1741839948834,1.60854085605085,1,3
-3.24599197453418,-1.25217684502477,0.36097532495398,1,-1.13117597501244,-0.31951233752301,1.10696909471667,1,2
8.68000846430151,2.31169893223477,7.2114824527818,1,-1.02340575118801,1.55287061319545,0.672559311852819,2,1
-4.32953361905464,-3.00197187823185,-3.96836356134405,0,1.19289609098182,-1.24209089033601,-0.00165301759872898,2,3
3.17820425481414,3.25644421187761,-0.512017232726085,1,1.79319163336928,-0.756008616363042,1.816004576019,1,2
3.99509182674472,0.0883350426494906,3.30417543843997,1,0.157972983247354,0.576043859609993,0.559178163465935,2,2
-2.45517992940615,1.47631291421091,-0.732329941024551,1,0.791896524830535,-0.866164970512276,-1.92409871493647,1,1
7.78769627405306,3.01513356989414,4.23345684511014,1,0.0638368697065514,1.61672842255507,0.237066290432269,1,1
5.96322980159719,1.92661572382046,6.19068045989484,1,-1.76648154383504,1.29767011497371,-1.09065148772387,2,2
6.26066182725988,2.91413112147886,6.6582608808421,1,-0.232922516270121,1.41456522021052,0.368658556056289,2,1
2.97212864482009,1.14766923760267,0.21065475452445,1,0.951186262170108,-0.394672622737775,-1.94739015486965,1,1
9.76035177120288,2.91279748565572,7.2233689133689,1,0.487594984992528,1.55584222834223,-0.178842106724321,2,1
-0.140145934812846,0.0405477252535296,0.020552244011998,1,0.458233007909421,-0.489723877994001,0.0884871333004119,1,2
-2.16472706698014,-3.08514470341824,-0.661618450185718,0,2.12158972485135,-0.830809225092859,-1.45416649943212,1,2
-0.676813973529616,-2.91493265610776,1.69389313485724,0,-0.273488544385731,0.34694656742862,-0.311045364197265,1,3
0.274913491765249,-0.209069845752344,-4.10578785933895,0,-0.55479692301963,-1.27644696483474,0.376840312333431,2,2
0.733757035779064,-0.891356108748024,-0.0479364420252246,0,0.586327135730385,-0.523968221012612,-1.52023683440417,1,2
2.34014277849754,3.0369339840807,3.55114572511977,0,-0.72944602870659,0.637786431279943,-0.0506329222823883,2,1
4.75121062956131,-0.0270724378699341,3.49760095985815,0,-0.1292635222179,1.24880047992908,0.209436021898722,1,2
-0.345074448057564,2.94140915153618,-4.65957583315165,1,0.256608297312843,-1.41489395828791,-0.228327957737044,2,1
9.19256631062476,3.03543678526343,6.33116308258526,1,-1.2794599324237,1.33279077064632,-0.0276966744838223,2,1
-2.2523230158136,-3.52215993925169,2.05051288022304,0,0.35074102194725,0.525256440111518,-1.48873358568881,1,3
-4.24525735066156,-3.33397560188552,-3.20831093942372,0,2.66087108108719,-1.05207773485593,-0.125513635087145,2,3
-0.359912779632783,-0.341445492057433,0.712665028442039,0,0.554032564050572,-0.14366748577898,-0.616291377461824,1,2
-0.46114336162773,-2.65368566591179,0.572124007929819,0,1.02001382451392,-0.21393799603509,0.339519255293666,1,3
-3.13906916609581,-3.2893929712217,0.884948588536102,0,0.653828779949022,-0.0575257057319488,-0.442612775846698,1,3
-4.38431045595287,-2.76011005427119,0.715553757451516,0,0.636897434383972,-0.142223121274242,0.376653967778718,1,3
4.28274750641041,0.04220563437662,3.95607536986572,1,0.669055495747319,1.47803768493286,0.0630824119148402,1,2
-4.63286354575873,-3.44512546326909,4.1567384623911,0,0.262414028622001,0.789184615597774,-1.69627159647884,2,3
4.01313792124333,2.21716169766941,1.72043968049893,1,1.8512377518566,0.180109920124733,1.19766447904696,2,2
-0.99094415354125,-0.702796412734344,-0.874111476250813,0,-0.963333471008479,-0.468527869062703,0.729546344941811,2,2
9.53114370704207,2.92253381350668,2.40750126531689,1,-0.924220964005163,0.703750632658447,0.0838178200996595,1,1
-3.76283472371078,0.376349949156885,-4.29737823852172,1,0.306563843144963,-2.64868911926086,1.22763971542111,1,2
1.28171694735741,0.0563832298273221,-1.16378797362848,0,-0.670007131340079,-1.08189398681424,-0.0841531786602781,1,2
-1.27374603721956,0.0199940005858049,1.40058584342291,0,0.179368279832848,0.200292921711454,0.111468987740961,1,2
4.8482050240203,4.52950213212558,-6.99344068128946,0,1.23850876670193,-1.99836017032236,1.23495462708637,2,1
-0.841108078339296,-0.518648957034005,0.16488920933513,1,-0.586861477821936,-0.417555395332435,0.88376725451278,1,2
-3.12461183913888,-2.72782391763444,-6.90999877201995,0,0.443960453464856,-1.97749969300499,0.613063799357309,2,3
-1.46604968619027,-2.97321082378532,3.55440558347863,0,0.0267485008757927,0.638601395869658,1.001520658637,2,3
0.522977786015671,-1.88181438432528,2.95073382804189,0,3.30559308202162,0.487683457010473,0.33827079980179,2,3
2.98988737591132,2.92411109627485,0.426272580166725,1,0.14189560180645,-0.143431854958319,-0.534822099903202,2,1
-5.46893835542757,-3.1702309195119,1.00101592023258,0,-0.970599877584948,0.000253980058145144,0.175387328438032,2,3
3.8414743930476,0.0480159462813067,1.24128778129294,1,1.07436851970686,0.0603219453232354,0.0446922498198362,2,2
1.35969040092957,-0.489186081143655,3.5855226556366,0,0.868711154035949,0.64638066390915,-0.563117071619195,2,2
-0.170411444021018,0.297967689915373,1.70206993762064,0,1.62063150334686,0.175517484405161,0.183859001444821,2,2
-2.40123869569057,0.100462324639618,-1.10247874341978,0,0.525446351167959,-1.05123937170989,0.191194256875722,1,2
1.08422429785901,-0.568220412633693,-0.835355167220768,1,-1.4093855321559,-0.458838791805192,0.403168898551485,2,2
3.55694670098864,0.152632551617421,1.51152755252662,1,0.200159633765783,0.127881888131654,0.762554111165213,2,2
-1.24280237184129,-0.431563059719413,2.75551905218152,0,-0.818527868858079,0.438879763045379,0.527242964031857,2,2
-0.177476360121821,-1.09654317264959,-0.165885214710581,0,0.883549899550399,-0.582942607355291,-1.24106535828658,1,2
0.874822512645202,-2.38665871672383,2.28897338337303,1,-0.49980074037217,0.322243345843257,-1.22717161807214,2,3
4.66593102021812,-0.306098554086384,3.45809759859619,1,-1.50417553442985,1.2290487992981,0.20349922404662,1,2
3.68692163825616,3.00100953203587,0.103633442732685,1,0.142548827679499,-0.448183278633657,0.00708200868642499,1,1
-4.13566100708785,-2.77640184222492,4.58429884973335,0,0.218679804572792,0.896074712433338,1.02249111760409,2,3
5.85774941109138,0.489229367116476,3.79619955583407,1,0.727286189621677,1.39809977791704,0.672677928025783,1,2
1.4250366448269,2.46430066717567,0.571323654900337,1,0.775047007524872,-0.214338172549831,-0.691183021962889,1,1
9.12780460551343,2.81652743721045,5.18218828040377,1,-0.365287521433387,2.09109414020189,0.502268903327442,1,1
-0.867423514014165,-0.0999058002962834,-2.1242567944358,1,-1.16278056641541,-1.5621283972179,0.0859197368633965,1,2
-3.22941118316709,0.0474019533898055,-3.00943745161618,1,0.076711912607508,-1.00235936290404,0.617921673160918,2,2
-0.111513954294613,2.98129753268339,-0.469673974842437,1,0.437731907235942,-0.734836987421218,-0.0427258488756427,1,1
-3.58312549989516,-2.66691563346399,-3.88737821929046,0,0.800531449614914,-1.22184455482262,0.416079051855157,2,3
-0.936196233797845,-0.969156926086176,-0.168358716525998,0,0.893009875623524,-0.584179358262999,-1.08527011015358,1,2
6.14007449537302,2.87817146850852,3.56957803657356,1,-0.274490351156226,0.64239450914339,0.443835387941,2,1
0.213670382732232,2.8367128987594,-2.18716426486643,0,-1.08242904314079,-1.59358213243322,0.150852475989375,1,1
2.5720274381051,2.59746579592583,0.64207434887961,1,1.19963213524856,-0.0894814127800974,-0.335548033640138,2,1
-2.56355811543197,-3.04196407809596,0.305622535183655,0,-0.0306980400294594,-0.173594366204086,1.36699535396047,2,3
-2.59339448427452,-3.10857364903164,2.32399842584342,0,-0.290865743710707,0.330999606460856,0.373277539137201,2,3
6.49883217643219,1.63423120078941,0.712043418664849,1,1.54353812682114,-0.0719891453337878,-0.884829973084849,2,1
-0.688051401627441,-0.21937127987484,-0.147289308905304,0,0.268406798124986,-0.573644654452652,-0.817308955687062,1,2
4.6005842599683,2.94990725282372,2.55714945619355,0,0.227075025805379,0.389287364048388,-0.220599984514446,2,1
5.22945469402899,3.38275664283484,1.20100138188332,1,0.240054776611226,0.100500690941659,1.59445543320607,1,1
1.66465175605269,0.29306882273885,1.23978130358057,1,0.66125845159003,0.119890651790286,0.443198604167782,1,2
-2.52894941154152,-3.05958823646886,-0.798732518602641,0,0.142063562894396,-0.44968312965066,-0.41944771238175,2,3
-2.03318125860345,-1.93256906020953,-0.449035812443689,0,1.59742012573061,-0.724517906221845,0.668221792499488,1,3
2.36068212973942,-0.0563494658879236,-1.97234075748465,0,0.0980425478665854,-0.743085189371163,-0.574745017485704,2,2
-3.2243819256686,3.47832539869257,-2.58839576078801,1,-0.727590839744718,-0.897098940197002,-0.65740986906926,2,1
9.15168649321961,2.51944632561465,3.9019375988437,1,-1.26678641038734,1.45096879942185,0.379348618239767,1,1
-2.48927231911007,-3.28188551140969,1.78453122402909,0,0.255967373230551,0.392265612014543,-1.1012556321223,1,3
0.777031906214058,1.5718271591305,0.00656176120234286,1,0.830109327754368,-0.496719119398829,1.89351824702735,1,2
0.30522714836981,0.989656294606692,0.0341327182205662,0,3.26605789303081,-0.482933640889717,-0.615526047374428,1,1
-2.29633163642994,-2.60367614811788,-1.88579301262597,0,0.482495576537354,-0.721448253156493,0.821404114678844,2,3
-1.92789271207742,9.48435510989211e-05,3.84725297307206,0,-0.366961252302211,1.42362648653603,-0.000258456582279191,1,2
0.356975806671226,-0.412915912331507,1.37075371344674,0,0.543365718448536,0.185376856723368,-0.759922641992394,1,2
0.157104050397609,2.27685137120333,-5.33454395613242,0,0.477874616983482,-1.58363598903311,-1.51326017975477,2,1
4.34737689818237,-0.0699446367550871,4.56562094333771,1,0.0421856087316322,0.891405235834426,-1.6580212745073,2,2
2.64625447472342,1.93730095179842,0.254491096020551,1,1.87779219732674,-0.372754451989725,1.03169080932192,1,2
-4.57176600779463,-1.04273832479977,-0.035752548796991,1,1.38318247843139,-0.517876274398495,1.4150422707927,1,3
-3.1986596597802,-2.50624398879869,-5.89774503340578,0,1.68404581508156,-1.72443625835144,-1.48822791301394,2,2
-7.97579531057415,-7.41308090317329,-0.279267857366746,0,-1.961596981622,-0.319816964341687,2.2497388324508,2,3
-0.369075854463051,-0.152747824642679,2.62893845405041,0,-0.707244316218609,0.407234613512602,0.215976037049501,2,2
4.51838834895102,2.78478952103242,1.10115960685586,1,0.749474444451647,0.025289901713964,-0.287148521955331,2,1
-1.525124032963,1.32260400536806,-1.00554455964435,0,0.668891709173229,-1.00277227982218,1.97730662113131,1,2
-6.07010862530892,-3.66436825392172,5.19744003880813,0,1.12800195734474,2.09872001940406,-0.588977926497233,1,3
0.843972595269633,2.27744066857899,1.11501391820558,1,-1.44817955577816,0.0575069591027883,0.498943192878282,1,1
4.29544786875353,3.89390111827965,2.36257717107729,1,0.435646573056801,0.681288585538645,2.05189521406634,1,1
11.4056322325017,10.8319200974403,1.78213573513666,1,-2.56315401291989,0.391067867568331,-3.05557920357597,1,1
5.43986257797362,0.263096949294299,5.33260162199373,1,-2.33887425513543,1.08315040549843,-0.112488710633597,2,2
-4.33371010796374,-3.18034165609655,-1.49778743233855,1,0.299718676710667,-0.624446858084636,-0.601703097303623,2,3
-3.39869149867685,-3.3464924094523,3.39812595300752,0,-2.64837636586103,1.19906297650376,1.2636015230276,1,2
-4.1676368415563,-2.9248168805734,1.8590686177944,0,0.101091067026027,0.214767154448599,0.74371674608246,2,3
-2.89913224803329,-2.88487772623956,3.2313709122003,0,-0.111005552118076,1.11568545610015,-1.03708572736958,1,3
-0.381671205712352,-2.94570712739358,-0.977587595346696,0,0.218757570657687,-0.494396898836674,0.248187399609493,2,3
-1.14354342210479,-2.97037191212378,-1.92852596911883,0,0.276773960105326,-0.732131492279707,0.107047960237824,2,3
-1.93898129309353,-1.58928809924975,4.07413318494897,0,1.01118890227918,1.53706659247448,-1.5717024738578,1,2
-0.969436951918256,-3.27615583486298,1.96862219519211,0,0.263245869184886,0.242155548798029,-1.04904147486937,2,3
-3.25075266704051,0.343704934477982,-1.48581319820848,1,-0.867402457568946,-1.24290659910424,-0.396246207834456,1,2
-2.80625467970662,-1.94946496760734,0.283805672680758,0,1.11157073537079,-0.358097163659621,0.945090581250528,1,3
2.02223925965356,0.815546232525949,-2.23582383001176,0,1.43193534790719,-1.61791191500588,0.569541239217183,1,2
-1.06454149926403,-4.28612504389297,1.11703526161318,0,-0.715041633573582,0.0585176308065901,1.79867155072533,1,3
0.125584226730868,-0.201701295294183,3.4900532908526,0,-0.346980726145005,0.622513322713149,0.581304032460555,2,2
0.881611734244345,-0.107455686687566,1.27455110604639,0,-0.143438988053891,0.137275553023194,0.749138627826867,1,2
0.239901461211913,1.00963822669466,3.73101233571061,0,0.649437504506279,0.682753083927651,1.55463492589979,2,2
-0.776268532646792,-0.745633565341991,0.401040672086206,0,2.01721272645546,-0.299479663956897,1.11756504660729,1,3
0.716878790876149,2.21430832503314,-1.50157947780219,1,-1.38491853849276,-1.25078973890109,-1.59887261487815,1,2
0.619366358753436,1.01505491429152,-0.653036901644929,1,-0.892511890585425,-0.826518450822464,-1.13730127855856,1,2
5.83478155648638,4.71125775295924,-0.216398675961838,1,-0.940690252892637,-0.304099668990459,-1.81915114746549,2,1
-1.50903064637353,-0.834164384906164,-0.573442416922406,1,-1.69327654212297,-0.393360604230601,-1.27907967849031,2,3
-0.589437102561882,0.458677986423974,-0.196839792086357,0,2.2731477294385,-0.598419896043178,0.201780984352158,1,2
5.61080332427759,2.99594327532232,1.83582552930802,1,0.0123658695187988,0.208956382327005,-0.328058182363212,2,1
-3.34733642585531,-2.6382301008633,-1.07290991720993,0,-0.334796476964714,-1.03645495860496,-1.08056662488366,1,3
2.07352288142861,2.55861772579998,-0.318818627753757,1,-0.882079800048656,-0.659409313876879,0.500388144219691,1,1
-0.046712052792262,0.164259884510713,5.12029080938654,0,-1.81305148703675,1.03007270234663,-0.0905985768662198,2,2
-1.39977438311874,-2.7720582567273,-0.0802249962240171,0,-0.194270756863267,-0.540112498112009,-1.17331989102783,1,3
3.9792614527468,1.1052142271445,-1.4924884563892,1,-2.05312816923459,-1.2462442281946,-0.538307468430732,1,2
-4.22901224004756,-3.41081544630381,5.23926163604186,0,-0.430373030689818,1.05981540901047,0.9545566683055,2,3
3.2070185454893,2.60027173644903,1.4029196523268,1,-0.45984443763099,0.201459826163402,0.869268454371813,1,1
-2.20197380445974,-0.277889946918992,-1.68919524392623,0,-0.365259134788561,-1.34459762196311,0.760802182483008,1,2
11.4866428740257,3.25808137824851,6.12987380131327,1,-0.345698917684324,1.28246845032832,-0.746549569715971,2,1
3.2563844333702,2.98109068631137,0.26294563522142,1,-0.0370752943538243,-0.36852718238929,0.51002464088806,1,1
9.05977680847239,3.51471071829972,2.25449752561912,1,-1.03961407269841,0.627248762809562,-0.495097875083344,1,1
-5.12436013561793,-1.96793122839012,4.2831419046223,0,-1.41252574834477,0.820785476155576,-0.730654837845814,2,3
4.27654819949893,3.09828763373375,1.01898862497984,1,-0.543516980989868,0.0094943124899185,-0.180836362379606,1,1
-3.54891279059672,-2.58294002406916,1.70358391929641,0,-0.489396396399772,0.351791959648206,-0.85219257640417,1,3
-1.40459934150426,-0.175329837742776,-1.26740649126161,1,-0.181521415082719,-1.13370324563081,0.965890650769102,1,2
1.08102424028637,3.45843817123903,-1.18641809381109,1,0.641786000989207,-0.546604523452772,0.714316252664314,2,1
-3.85171686958457,-2.32079864556662,1.64780882066295,0,-0.835444165597989,0.323904410331474,-0.812982342090124,1,3
-4.35318196148459,-3.26415387139032,0.965958440818421,0,0.763190931864861,-0.0170207795907896,-0.346117675618684,1,3
-0.0122150236708755,0.129965201639614,6.73907166198405,0,0.42808866828029,1.43476791549601,0.303594117923531,2,2
-3.27815074094654,-2.42359989772586,1.97333160615418,0,0.987173358130212,0.243332901538545,0.583889443051716,2,3
-1.08374149697786,-3.20788089260355,2.37195685430743,0,-0.789219490336319,0.685978427153713,0.263400606737372,1,3
-4.2275242625757,5.00555080103717,-5.61359038489341,1,2.095885850438,-1.65339759622335,0.956898869572525,2,1
0.619803306275565,-0.092033814654932,1.78983326788118,0,-1.78518443495925,0.197458316970296,0.0515542331944166,2,2
8.49965659301108,0.649049450781056,5.32002491204849,1,-0.966880119303812,1.08000622801212,-0.671282238431373,2,2
-1.68668713327978,-3.23520234955775,-5.49337817698714,0,-0.769132891094432,-1.62334454424679,0.305801965149445,2,3
2.54657138689237,-0.14161314079892,3.58560241833911,1,-0.174173057640142,1.29280120916956,0.813059968732399,1,2
-2.60031340288466,-0.448046538162935,-1.04161872044544,1,-0.797629531855198,-1.02080936022272,0.561722604629281,1,2
-3.82902669132114,-3.10966805603746,1.00776171710023,0,0.53421835331759,0.00194042927505656,-0.205286949346472,2,3
3.88461273963234,2.75934745865129,0.93411135759451,1,0.368923733198599,-0.0329443212027451,-0.652309731505305,1,1
2.71133601812043,2.86646417436647,1.62553291895893,1,1.87985901022151,0.312766459479465,-0.0710350217263333,1,1
4.3049096376212,4.15537076280796,1.47443798978657,1,1.72757773336693,0.237218994893285,0.668780767714702,1,1
4.79156986897136,3.09733173123161,1.6024671067207,1,-0.471128239603877,0.150616776680175,-0.206592861666388,2,1
6.35895321627539,2.40034013019795,3.88202477630052,1,0.884291463982955,0.72050619407513,-0.67812468425411,2,1
-3.08921583249454,-2.17552579579592,4.57254803226665,0,1.84331930996791,0.893137008066662,0.447276931210813,2,3
6.32048795573142,2.81436642520444,3.47371543587489,1,0.268086991836731,1.23685771793745,-0.692437829690039,1,1
6.44709628989083,3.02703599285836,3.34848803826743,1,-0.0307728199292201,1.17424401913372,-0.878567285043974,1,1
-3.2972746594935,-1.09955962777624,-2.5959638253689,0,0.582956324697658,-0.898990956342225,-1.88617839997963,2,2
3.67941830047382,3.80157279565886,-1.4586490948335,1,1.88229000603625,-1.22932454741675,2.01965307336687,1,2
-1.49431244014553,0.173208589174828,-3.23844446834422,1,-1.27121334534533,-1.05961111708606,-0.136254539656186,2,2
-4.04334106560963,-3.34607386736287,-0.220484181511567,0,0.36513179836899,-0.305121045377892,-0.947805337439104,2,3
1.47918264041834,0.501286196114077,-0.00640474235589439,1,-0.746085059209728,-0.503202371177947,-0.671888801318514,1,2
1.869374760859,2.72928880461581,-3.63689153226293,1,0.279863566618555,-1.15922288306573,-0.967297024957743,2,1
-4.42550238532213,-2.66734713423803,1.8821574278968,0,1.06151280045804,0.441078713948402,0.313376217054034,1,3
1.83414557960352,2.91812714082689,1.7221899573902,1,0.171088681768451,0.361094978695099,-0.478540475774543,1,1
-1.48811294522864,-0.335757942665967,-0.0808779304292417,0,-0.221467083917376,-0.27021948260731,1.51606250792208,2,2
-0.672151536265863,0.973494156564386,-1.3800543304367,1,0.921912501137062,-0.595013582609176,1.05595070612851,2,2
2.0835323483655,-0.133913165475888,3.8028497755686,0,0.704893652793827,0.70071244389215,-0.189976409838742,2,2
12.203329188494,4.04800924817395,10.2071835226938,1,1.25094931290281,2.30179588067344,0.837771152967071,2,1
6.20765990525658,3.77708591377804,0.326076846335343,1,-0.741361257895706,-0.336961576832328,-1.04818791851052,1,1
-1.32828300210629,-0.939791187644726,3.47481605925298,0,-0.709102424820422,0.618704014813246,1.32532502322598,2,2
2.08945000819137,0.0911342558365084,3.01415329671487,1,0.619605900503383,0.503538324178717,0.147084228478891,2,2
-4.36681484022392,-2.33193926634868,1.10281886483663,0,-0.693464714017655,0.0514094324183173,-0.963366585418372,1,3
-0.900694208772497,-0.318313684779672,4.80786665242935,0,0.343108733302075,1.90393332621468,-0.92773413756107,1,2
1.10078791755849,3.05836596566147,-0.249288690599771,0,-0.206380657822828,-0.624644345299886,-0.282807343852805,1,1
-5.05504312781838,-1.81300053077073,2.14779174120027,0,-1.76729610147439,0.286947935300066,-0.671647194965802,2,3
-1.54905784269446,1.72187809398741,-0.919007607375353,1,-1.55688478953269,-0.959503803687676,-1.10597656651539,1,2
1.81263327614954,5.42006979489739,-4.33675421180651,1,-1.0961439283966,-1.33418855295163,-2.20780294649571,2,1
3.09696351599986,0.136196800482743,4.0045625840128,1,0.142092713488049,1.5022812920064,0.958506577426981,1,2
2.03614280734564,2.92394455804176,-0.441601808716353,1,-0.28497874565689,-0.360400452179088,0.266881102950089,2,1
-1.85809642118381,-3.23327045353304,2.09444427704389,0,0.309319136930611,0.547222138521945,-0.754141679844933,1,3
0.0123367264651376,-0.357267031232704,2.21828013390067,0,0.200973583639297,0.609140066950333,-1.77768154780939,1,2
5.34596321564851,3.02351394220497,6.17316029233014,0,0.851456237815094,1.29329007308254,0.0276161488525951,2,1
1.40476437782779,2.74633874221576,-1.24607128281179,1,0.787403931239436,-0.561517820702947,-0.322148833299522,2,1
6.7589017533436,2.99976316382808,3.8017433833574,1,-0.0992217842721947,1.4008716916787,0.0023869372401806,1,1
-4.5594012699587,-2.93158950310174,4.61386594335341,0,-0.385968535083963,0.903466485838353,-0.177243714655085,2,3
6.36336126960879,2.76254992620465,3.09682191887887,1,-2.09038973360693,0.524205479719717,-1.32154778689901,2,2
8.60580090050214,3.28207636578025,4.20359164432911,1,0.898500606286587,0.800897911082277,0.313941208059995,2,1
1.30326934995966,0.516861683913559,1.8040261504978,1,-0.303180789558722,0.402013075248898,-1.70479694530069,1,2
-3.29895100836709,-2.90698238946772,-0.384383223967231,0,1.87071227907157,-0.692191611983615,-1.55394414308888,1,2
2.72382286600601,3.02603455856189,-0.1290830350096,1,0.235655425125025,-0.2822707587524,0.110477229828587,2,1
4.79399756150715,2.84880388855516,1.32411052391263,1,0.899039540211977,0.0810276309781564,-0.168175152128667,2,1
-3.20783513064618,-3.47735840448102,1.00263040405376,0,-0.855241177269916,0.00131520202688162,0.558156479327664,1,3
5.07229406780884,3.3933480439417,4.74474774184424,0,-1.7168937230757,0.936186935461061,-0.229104480175423,2,1
-0.535155411870686,-2.47738458522783,5.15574585595371,0,-0.814676088721964,1.03893646398843,-0.641500863971636,2,3
-2.35177034336574,-2.14949165423393,0.622684801990337,0,-0.544658465830467,-0.0943287995024159,-1.56154434223153,2,3
-4.98164591945674,1.71873830035951,-7.42482881908882,1,1.09511918401355,-2.10620720477221,1.56945319326837,2,2
-3.92306267282176,-3.28074860251251,1.2087714738308,0,1.34562544220825,0.104385736915399,-0.208638001115512,1,3
3.00139921376745,-0.329352229708702,-1.45363404300757,0,-1.25336615934346,-1.22681702150379,0.262774152033293,1,2
-3.26565365768629,-2.6580218277278,0.807193629342206,0,0.182692432513443,-0.0964031853288968,1.87187924298415,1,3
1.10241774756967,0.602285172810877,-1.40291817850385,0,-0.303538615993503,-0.600729544625963,-1.98421268687529,2,2
-1.79469485015476,0.158466307738318,-2.23795537424048,1,-1.42975831818121,-0.809488843560119,-0.110834331735102,2,2
-2.32474755996498,-2.98719636837856,4.03609955424496,0,0.0224113953704873,0.75902488856124,0.571300064533241,2,3
-3.09794322001566,-2.7825028691977,1.56801321367095,0,0.407929332731136,0.284006606835475,0.533173550786668,1,3
3.38696604982474,1.83826613619815,2.21322669481449,1,1.24765954740915,0.303306673703622,-0.931130504482789,2,1
-6.45563971859225,-2.71676290806507,2.79572045775339,0,0.621566693159401,0.897860228876696,0.455682543887997,1,3
-5.15808429322589,1.21364035294438,-4.30166544629821,1,1.81774800031572,-1.32541636157455,2.3180552817071,2,3
6.74497180160271,3.03035468001943,4.04569589000418,1,-0.0204200950334854,0.761423972501045,-1.48651022287881,2,1
-0.907446900564978,0.374563524457944,-0.923481428727209,0,2.59875829293783,-0.961740714363605,-1.01026574217261,1,1
-0.84652752021294,0.894136132327604,0.271758632008112,0,1.59116848801655,-0.182060341997972,-1.32347006840076,2,1
0.683570026047016,-0.208324949714805,-2.94877221436752,0,0.291373898999889,-0.98719305359188,-0.714974644022199,2,2
5.13198046778955,0.13584393401334,3.74075395316587,1,-1.31597169381325,0.685188488291468,-0.103227094208774,2,2
-3.93573874976063,-3.39619458949502,3.14978930643283,0,-0.327097450886137,0.537447326608207,1.21124328062384,2,3
1.00685560384481,-0.0259926026114277,4.21949861220923,0,-0.20991064033772,0.804874653052308,0.123826989282719,2,2
6.85244843614841,0.55063848950543,3.01825679567299,1,0.425045991663503,1.00912839783649,1.29547978408265,1,2
3.99122512471059,2.94857962602511,-0.220107794242797,1,-0.120522742016379,-0.305026948560699,0.426644574414821,2,1
-1.07208787655702,-4.2661744116262,0.579295238687885,0,1.50593727902047,-0.210352380656058,-0.840788278014991,1,3
1.71045355720632,-0.346866166926739,1.82116996259504,1,0.344663856557995,0.41058498129752,-1.00638973401719,1,2
7.79081450407826,4.73631770238764,0.414750456591955,1,-1.69710681123143,-0.146312385852011,-1.02310455116715,2,1
1.16918220038013,1.35095112958034,0.515038904882407,0,1.20199366443725,-0.121240273779398,-1.37192808848265,2,1
3.92653327661678,2.60737465051258,0.436325585007306,1,-1.11512755950291,-0.281837207496347,0.352090078073618,1,1
0.615193488390807,-0.153297344918662,-0.596497138617188,0,0.764061159445507,-0.798248569308594,-0.200634913872487,1,2
-4.01703671055604,-3.61348491056898,-1.78453075528103,0,0.294342649505861,-0.696132688820257,-2.08425422411222,2,3
0.303669614172119,-0.0462623924067073,0.180162811527258,0,0.490378615577688,-0.409918594236371,-0.0943401505226898,1,2
